<?xml version="1.0" encoding="UTF-8"?>
<project-private xmlns="http://www.netbeans.org/ns/project-private/1">
    <editor-bookmarks xmlns="http://www.netbeans.org/ns/editor-bookmarks/2" lastBookmarkId="0"/>
    <open-files xmlns="http://www.netbeans.org/ns/projectui-open-files/2">
        <group>
            <file>file:/C:/xampp/htdocs/pepper/application/views/report.php</file>
            <file>file:/C:/xampp/htdocs/pepper/application/views/header.php</file>
            <file>file:/C:/xampp/htdocs/pepper/application/controllers/Home.php</file>
            <file>file:/C:/xampp/htdocs/pepper/application/views/view_clients.php</file>
            <file>file:/C:/xampp/htdocs/pepper/application/views/today_report.php</file>
            <file>file:/C:/xampp/htdocs/pepper/application/models/Home_model.php</file>
            <file>file:/C:/xampp/htdocs/pepper/application/views/index.php</file>
            <file>file:/C:/xampp/htdocs/pepper/application/views/View_detail.php</file>
        </group>
    </open-files>
</project-private>
